{"cameraMode":{"drawMode":0,"name":"Shaded","section":"Shading Mode"},"sceneLighting":true,"audioPlay":false,"sceneViewState":{"showFog":true,"showMaterialUpdate":false,"showSkybox":true,"showFlares":true,"showImageEffects":true,"showParticleSystems":true},"in2DMode":false,"pivot":{"x":0.9984292984008789,"y":3.369617462158203,"z":1.176875114440918},"rotation":{"x":0.08804191648960114,"y":-0.20030498504638673,"z":-0.018076293170452119,"w":-0.9756022691726685},"size":16.523868560791017,"orthographic":false}